Nickname;IBAN;Saldo contabile;Saldo disponibile
-;IT00X0000000000000000000000;100,00 €;100,00 €
Numero del conto 001/00000000/00;;;Intestato a: TEST
"
"
Operazione;Valuta;Tipologia Operazione;Descrizione;Uscite;Entrate
31/07/2026;31/07/2026;Bonifici;BONIFICO - SEPA ISTANTANEO A VS FAVORE TEST NOTE: AUTO;;400.00 €
31/07/2026;31/07/2026;Mutui - Prestiti;PAG. MUTUO/FIN. VARI NUM. 740/00136196;-109.60 €;
28/07/2026;28/07/2026;Prelievi - Pagamenti;PAGAMENTI PAESI UE CARTA N. 000 DEL 28/07/26 VALUTA EUR PAESE ITALIA C/O APP BREASY TORINO CARTA N. 537572******0000 - CIRCUITO MASTERCARD COD. MCC 9311;-5.00 €;
28/07/2026;28/07/2026;Addebiti diretti;ADDEBITO DIRETTO CORE SKY - ABBONATO 12345678;-24.90 €;
24/07/2026;21/07/2026;Carte;PRELIEVO DI CONTANTE ATM CARTA N. 000 MAXIPRELIEVO C/O UNICREDIT;-450.00 €;
16/07/2026;16/07/2026;Prelievi - Pagamenti;PAGAMENTI PAESI UE CARTA N. 000 DEL 16/07/26 C/O CONAD PALATERNI TERNI CARTA N. 537572******0000 - CIRCUITO MASTERCARD;-14.95 €;
